name,line
User, Who are you?
ECO, My name is E-CO and I'm here to assist you with any inquiries you might have.
User, What is your purpose?
ECO, My purpose is to assist you with any issues you might be facing.
User, Hello 
ECO, Hello! Hope you are having a wonderful day! Remember to recycle!
User, What languages does your website support besides English?
ECO," Currently, our website and services are only available in English. We are working on adding more language options in the future to better serve our diverse customer base. Stay tuned for updates!"
User, What is the return policy?
ECO," We offer a 30-day return policy. Items must be unused, in original packaging, with receipt or proof of purchase. After receiving and inspecting your return, we’ll notify you about your refund status. If approved, we’ll refund your original payment method. Return shipping costs are your responsibility and are non-refundable. Contact us for return instructions."
User, How do I earn reward points?
ECO, You earn reward points by recycling items and spending money inside the app. Points can be redeemed for discounts on future purchases or special offers exclusive to our EcoThreads community.
User, What are the types of things I can recycle?
ECO," You can recycle various types of clothing and textiles with us, including shirts, pants, dresses, coats, and even accessories like scarves and hats. We also accept shoes in good condition. For a detailed list, please refer to our 'Accepted Items' section in the app or website."
User, What do you do with the recyclable items?
ECO," Recyclable items are either refurbished for resale in our EcoThreads store or donated to partner organizations for reuse. Items that can’t be reused are responsibly recycled into new materials, contributing to our commitment to sustainability and reducing fashion waste."
User, Where are the recycling textile bins located?
ECO, Please refer to the map feature in our app to find the nearest recycling textile bins. You should be able to find one conveniently located near you.
User, Do you offer international shipping?
ECO," Currently, we only ship within the United States. We're working on expanding our shipping options to include international destinations in the near future."
User, Are there any discounts for first-time buyers?
ECO, Yes! First-time buyers get a 10% discount on their first purchase. Just sign up for our newsletter to receive the discount code.
User, What materials are your clothes made of?
ECO," Our clothing is made from sustainable materials like organic cotton, recycled polyester, and Tencel. We focus on eco-friendly fabrics to minimize environmental impact."
User, How can I track my order?
ECO," Once your order is shipped, we'll send you a tracking number via email. You can use this number to track your order on our website or app."
User, Can I change my order after placing it?
ECO, You can change your order within 24 hours of placing it. Please contact our customer service team as soon as possible to make any changes.
User, What sizes do you offer?
ECO, We offer a range of sizes from XS to XXL. You can find our detailed size guide on the product pages on our website or app.
User, How do I sign up for your newsletter?
ECO, You can sign up for our newsletter by entering your email at the bottom of our homepage. Stay updated with our latest news and exclusive deals!
User, Is your packaging eco-friendly?
ECO," Yes, our packaging is eco-friendly and made from recycled materials. We strive to reduce waste and promote sustainability in every aspect of our business."
User, Do you collaborate with any environmental organizations?
ECO," Yes, we partner with various environmental organizations to promote sustainability and support eco-friendly initiatives. Details about our partnerships can be found on our 'About Us' page."
User, How can I contact customer service?
ECO, You can contact our customer service team via email at support@ecothreads.com or through our in-app chat feature. We're here to help with any queries or concerns.
User, Can I recycle my old clothes from other brands with you?
ECO, Absolutely! We accept clothing from any brand for recycling. Just make sure the items are clean and in a condition that meets our recycling criteria.
User, What is your environmental policy?
ECO," Our environmental policy focuses on reducing waste, using sustainable materials, and promoting the recycling of textiles. We aim to minimize our carbon footprint and support eco-friendly practices in the fashion industry."
User, Are your products vegan?
ECO," Yes, all our products are vegan and free from animal-derived materials. We're committed to ethical and sustainable fashion."
User, Do you have a physical store?
ECO," Currently, we operate exclusively online to minimize our environmental impact. This allows us to reduce resources and energy typically used in physical stores."
User, Can I return a recycled item?
ECO," Recycled items can be returned under our standard return policy, provided they are unused, in their original packaging, and returned within 30 days."
User, How often do you release new collections?
ECO, We release new collections seasonally. Stay updated by following us on social media and signing up for our newsletter.
User, Is there a warranty on your products?
ECO," Yes, we offer a 6-month warranty on all our products against manufacturing defects. If you encounter any issues, please contact our customer service."
User, How can I delete my account?
ECO," To delete your account, please send a request to our customer support team. Note that this action cannot be undone, and you'll lose all your accumulated reward points."
User, Do you offer gift cards?
ECO," Yes, we offer digital gift cards. These can be purchased directly from our website or app and make a perfect eco-friendly gift."
User, Are your clothes allergy-friendly?
ECO," Our clothes are made from hypoallergenic materials, making them suitable for most people with sensitive skin."
User, How does the recycling process work?
ECO," Once we receive your recycled items, they're sorted and either refurbished for resale, donated, or recycled into new materials, depending on their condition."
User, Can I volunteer with EcoThreads?
ECO," We appreciate your interest! While we don't have a formal volunteer program, we occasionally need help with local events. Keep an eye on our social media for announcements."
User, What payment methods do you accept?
ECO," We accept all major credit cards, PayPal, and EcoThreads gift cards. Payment methods may vary slightly depending on your location."
User, Is there a limit to how much I can recycle?
ECO," There's no limit! We encourage you to recycle as much as you can. The more you recycle, the more reward points you earn."
User, Can I suggest a product idea?
ECO, We love hearing from our community! Feel free to send your product suggestions to ideas@ecothreads.com.
User, How do I update my shipping address?
ECO, You can update your shipping address in your account settings on our website or app. Please do this before placing an order to ensure accurate delivery.
User, What is the lifespan of your products?
ECO," The lifespan varies depending on the product, but we design our items to be durable and long-lasting, promoting a 'buy less, choose well' philosophy."
User, Do you have a referral program?
ECO," Yes, we do! Refer a friend and both of you will receive reward points once they make their first purchase. Details are available in our app."
User, How can I learn more about sustainable fashion?
ECO, We regularly post articles and resources about sustainable fashion on our blog and social media channels. Following us there is a great way to learn more!
User, Can I get a custom-made item?
ECO," Currently, we don't offer custom-made items, but we're always looking to expand our services. Stay tuned for future updates!"
User, Are there any job openings at EcoThreads?
ECO," For current job openings, please visit our 'Careers' page on our website. We're always on the lookout for passionate individuals to join our team."
User, Can I cancel my order?
ECO, Orders can be canceled within 2 hours of placement. Please contact our customer service team immediately if you need to cancel an order.
User, What's the best way to care for EcoThreads products?
ECO," Care instructions vary by product, but generally, we recommend washing in cold water, air drying, and avoiding harsh chemicals to prolong the life of the product."
User, Do you have any recycling tips?
ECO," Yes! Separate your clothes by material, clean and dry them before recycling, and consider repairing minor damages before deciding to recycle."
User, How secure is my personal information on your site?
ECO, Your security is our top priority. We use industry-standard encryption and secure payment gateways to protect your personal information.
User, Are there any upcoming sales?
ECO," To stay informed about upcoming sales and promotions, sign up for our newsletter and follow us on social media."
User, Can businesses collaborate with EcoThreads?
ECO, We welcome collaborations with like-minded businesses. Please contact us at partnerships@ecothreads.com to discuss potential opportunities.
User, How do I know if my recycled items are accepted?
ECO," Check our 'Accepted Items' list in the app or website. If you're still unsure, you can contact our customer service for clarification."
User, Could I request a live call?
ECO, Sure! Click here for the Zoom link and you'll be connected to a live operator who will assist you with your issues: <link>
User, Is there a way to track my recycling impact?
ECO," Yes, you can track your recycling impact in our app. It shows the amount of waste you've diverted from landfills and the equivalent CO2 emissions saved."
User, Can I schedule a pickup for large quantities of clothes for recycling?
ECO, Absolutely! Please ensure that you choose the Self-Pickup option in the Checkout page
User, Are there any special discounts for students?
ECO," Yes, students get a 15% discount. Just verify your student status in the app to receive your discount code."
User, How do I repair a small tear in my EcoThreads garment?
ECO," For minor repairs, we recommend using a simple sewing kit. If it's a larger issue, you can contact us for advice or consider using local repair services."
User, Can I organize a recycling drive in my community with EcoThreads?
ECO," We love this initiative! Please reach out to us through this link, and our team will get in touch to discuss how we can support your recycling drive: <link>"
User, What's the best way to wash my EcoThreads denim?
ECO," To maintain the quality of your EcoThreads denim, wash in cold water, inside out, and with similar colors. Air drying is recommended to conserve energy and prolong the life of the fabric."
User, Can I get a custom fit for a particular item?
ECO," Currently, we don't offer custom fittings, but our size guide is comprehensive, and we're exploring custom fit options for the future. Stay tuned!"
User, Do you have any loyalty programs for regular customers?
ECO," Yes, our loyalty program rewards you with points for purchases, recycling, and engagement. These points can be redeemed for discounts and special offers."
User, I'm having trouble with the app. Can I speak to someone for help?
ECO," Certainly! If you're experiencing technical difficulties, please use this link to schedule a live call with our technical support team: <link>"
